NCT ID,Title,Status,Phase,Enrollment,Sites,Start Date,Primary Completion,Lead Sponsor,Sponsor Type,Conditions,Interventions,Countries,Min Age,Max Age,Sex
NCT03125577,Combination CAR-T Cell Therapy Targeting Hematological Malignancies,RECRUITING,"PHASE1, PHASE2",100,4,2025-08-01,2028-12-31,Shenzhen Geno-Immune Medical Institute,Industry,B-cell Malignancies,4SCAR19 and 4SCAR22; 4SCAR19 and 4SCAR38; 4SCAR19 and 4SCAR20,China,6 Months,75 Years,ALL
NCT04532281,A Study of Murine CD19 CAR-T Therapy for Patients With Relapsed or Refractory CD19+ B-cell Hematological Malignancies,RECRUITING,EARLY_PHASE1,120,1,2020-11-01,2023-11-01,Zhejiang University,Academic/Medical Center,"Acute Lymphoblastic Leukemia, Non-Hodgkin Lymphoma of Soft Tissue",Murine CD19 CAR-T cells,China,N/A,N/A,ALL
NCT07441291,CD19 CAR-T vs DLI for Post-HSCT MRD in Ph- ALL: A RCT,RECRUITING,PHASE3,70,1,2025-11-30,2027-12-30,Peking University People's Hospital,Academic/Medical Center,"B ALL, Allogenetic Hematopoietic Stem Cell Transplantation, MRD-positive",CAR-T; DLI,China,3 Years,79 Years,ALL
NCT06752785,CD19/CD22 CAR-T Cell Therapy in MRD-Positive B-lineage Acute Lymphoblastic Leukemia in Children.,RECRUITING,PHASE1,10,1,2024-10-01,2027-12-31,Guangzhou Women and Children's Medical Center,Academic/Medical Center,Acute Lymphoblastic Leukemia,CAR-T Therapy,China,1 Year,18 Years,ALL
NCT07066397,A Phase 1 Study of FIT-CD19-CAR-T Cells in R/R B-ALL,RECRUITING,PHASE1,12,1,2025-07-15,2028-04-01,TriArm Therapeutics (Taiwan) Limited,Industry,Acute Lymphoblastic Leukemia,ARM011; Fludarabine; Cyclophosphamide,Taiwan,18 Years,N/A,ALL
NCT04318678,CD123-Directed T-Cell Therapy for Acute Myelogenous Leukemia (CATCHAML),RECRUITING,PHASE1,108,2,2020-07-29,2029-07-29,St. Jude Children's Research Hospital,Academic/Medical Center,"AML/MDS, B-ALL, T-ALL, BPDCN",CD123-CAR T; Cyclophosphamide; Fludarabine,United States,N/A,21 Years,ALL
NCT07223021,A Study of Fludarabine Dosing in Children and Young Adults With B-cell Acute Lymphoblastic Leukemia,RECRUITING,PHASE3,130,3,2025-10-20,2028-10,Memorial Sloan Kettering Cancer Center,Academic/Medical Center,B-cell Acute Lymphoblastic Leukemia,Fludarabine; Cyclophosphamide; Fludarabine,United States,1 Year,N/A,ALL
NCT04530565,Testing the Use of Steroids and Tyrosine Kinase Inhibitors With Blinatumomab or Chemotherapy for Newly Diagnosed BCR-ABL-Positive Acute Lymphoblastic Leukemia in Adults,RECRUITING,PHASE3,348,211,2021-01-25,2028-07-01,National Cancer Institute (NCI),Government,B Acute Lymphoblastic Leukemia With t(9;22)(q34.1;q11.2); BCR-ABL1,Biospecimen Collection; Blinatumomab; Bone Marrow Aspiration and Biopsy,"Israel, Puerto Rico, United States",18 Years,75 Years,ALL
NCT07166419,"Anti-CD19/20/22 Chimeric Antigen Receptor T Cells (TriCAR19.20.22 T Cells) for the Treatment of Relapsed or Refractory Non-Hodgkin Lymphoma, Acute Lymphoblastic Leukemia, and Chronic Lymphocytic Leukemia",RECRUITING,PHASE1,24,1,2026-02-01,2026-12-31,Ohio State University Comprehensive Cancer Center,Academic/Medical Center,"Blast Phase Chronic Myeloid Leukemia, BCR-ABL1 Positive, Recurrent Acute Lymphoblastic Leukemia, Recurrent Chronic Lymphocytic Leukemia, Recurrent Chronic Myeloid Leukemia, BCR-ABL1 Positive, Recurrent Indolent Non-Hodgkin Lymphoma, Recurrent Lymphoblastic Lymphoma, Recurrent Non-Hodgkin Lymphoma, Recurrent Transformed Chronic Lymphocytic Leukemia, Refractory Acute Lymphoblastic Leukemia, Refractory Chronic Lymphocytic Leukemia, Refractory Chronic Myeloid Leukemia, BCR-ABL1 Positive, Refractory Indolent Non-Hodgkin Lymphoma, Refractory Lymphoblastic Lymphoma, Refractory Non-Hodgkin Lymphoma, Refractory Transformed Chronic Lymphocytic Leukemia",Autologous Anti-CD19/CD20/CD22 CAR T-cells; Biospecimen Collection; Bone Marrow Aspiration,United States,18 Years,N/A,ALL
NCT06481735,TCR Reserved and Power3 (SPPL3) Gene Knock-out Allogeneic CD19-targeting CAR-T Cell Therapy in r/r B-ALL,RECRUITING,"PHASE1, PHASE2",30,6,2025-02-15,2027-02-15,Chinese PLA General Hospital,Academic/Medical Center,Acute Lymphocytic Leukemia,TCR reserved and Power3 (SPPL3) Gene Knock-out Allogeneic CD19-targeting CAR-T cell; Fludarabine; Cyclophosphamide,China,16 Years,70 Years,ALL
NCT05333302,Pilot CAR-T Cells Therapy for Children/Young Adults With CD19+ R/R Leukemia/Lymphoma,RECRUITING,PHASE1,10,1,2020-10-26,2024-12,"Belarusian Research Center for Pediatric Oncology, Hematology and Immunology",Academic/Medical Center,"B-cell Acute Lymphoblastic Leukemia, Lymphoblastic B-Cell Lymphoma",CD19 CAR-T-cells; Tocilizumab,Belarus,1 Year,30 Years,ALL
NCT06364423,Anti-CD19 Chimeric Antigen Receptor T-Cell Immunotherapy for Leukemias,RECRUITING,"PHASE1, PHASE2",132,1,2024-09-03,2029-07-01,National Cancer Institute (NCI),Government,"Leukemia, Lymphocytic, Chronic, B-Cell, B-Lymphocytic Leukemia, Chronic, B-Cell Chronic Lymphocytic Leukemia, Acute Lymphoblastic Leukemia, Lymphoblastic Lymphoma, Leukemia, Acute Lymphoblastic, Small Lymphocytic Lymphoma",Autologous HuCD19 ( Anti-CD19)CAR T cells; Cyclophosphamide; Fludarabine,United States,18 Years,120 Years,ALL
NCT05674175,Co-administration of CART22-65s and huCART19 for B-ALL,RECRUITING,"PHASE1, PHASE2",93,1,2023-01-25,2027-01-15,Stephan Grupp MD PhD,Academic/Medical Center,"B-cell Acute Lymphoblastic Leukemia, B Lineage Lymphoblastic Lymphoma","Autologous, humanized anti-CD22 CAR T cell therapy (CART22-65s); Autologous, humanized anti-CD19 CAR T cell therapy (huCART19)",United States,N/A,29 Years,ALL
NCT06081478,CD19/CD22 Bispecific CAR-T Cell Therapy for Relapsed/Refractory B-cell Lymphoma or Acute Lymphoblastic Leukemia,RECRUITING,PHASE2,100,1,2022-01-18,2025-12-31,Beijing Tongren Hospital,Academic/Medical Center,"B-cell Acute Lymphoblastic Leukemia, B-cell Lymphoma, Diffuse Large B Cell Lymphoma",CD19/CD22-bispecific CAR-T cells,China,14 Years,85 Years,ALL
NCT05470777,CD22/CD19 CAR-T and Auto-HSCT Sandwich Strategy as Consolidation Therapy for B-ALL,RECRUITING,PHASE2,37,1,2020-01-19,2026-07-21,The First Affiliated Hospital of Soochow University,Academic/Medical Center,B-cell Acute Lymphoblastic Leukemia,"CD22/CD19 CAR T and auto-HSCT ""sandwich"" strategy",China,15 Years,65 Years,ALL
NCT04544592,UCD19 CarT in Treatment of Pediatric B-ALL and B-NHL,RECRUITING,"PHASE1, PHASE2",45,1,2021-03-10,2026-06,"University of Colorado, Denver",Academic/Medical Center,"B-cell Acute Lymphoblastic Leukemia, B-cell Non Hodgkin Lymphoma",CD19CAR-CD3Zeta-4-1BB-Expressing Autologous T-Lymphocyte Cells,United States,31 Days,30 Years,ALL
NCT06866873,CD-19 CAR-T Cell for Pediatric ALL or Lymphoma,RECRUITING,NA,18,1,2024-05-01,2037-12-31,Hong Kong Children's Hospital,Academic/Medical Center,"Lymphoma, B-Cell, Acute Lymphoblastic Leukemia, Pediatric",CAR-T,Hong Kong,1 Year,17 Years,ALL
NCT05995015,4SCAR19U T Cells Targeting B Cell Malignancies,RECRUITING,PHASE1,30,1,2023-10-31,2026-09-30,Shenzhen Geno-Immune Medical Institute,Industry,B Cell Malignancies,Universal CD19-specific CAR gene-engineered T cells,China,6 Months,75 Years,ALL
NCT06481241,Efficacy and Safety of Chemotherapy Combined With CAR-T Cells in Newly Diagnosed Adult Patients With Ph- B-ALL,RECRUITING,NA,77,1,2024-06-10,2026-06,"Institute of Hematology & Blood Diseases Hospital, China",Academic/Medical Center,"Philadelphia Chromosome Negative ALL, Acute Lymphoblastic Leukemia, Adult",CAR-T cells; Venetoclax,China,18 Years,N/A,ALL
NCT04603872,CAR-T Cells Combined With Dasatinib for Patients With Relapsed and/or Refractory B-cell Hematological Malignancies,RECRUITING,EARLY_PHASE1,120,1,2020-11-01,2023-11-01,Zhejiang University,Academic/Medical Center,"Multiple Myeloma in Relapse, Multiple Myeloma, Refractory, Acute Lymphoblastic Leukemia, in Relapse, Acute Lymphocytic Leukaemia Refractory, Non-Hodgkin's Lymphoma, Relapsed, Non-Hodgkin's Lymphoma Refractory",CD19/BCMA Targeted CAR T-cells and dasatinib; CD19/BCMA Targeted CAR T-cells,China,18 Years,70 Years,ALL
NCT06581081,Bridging Allogeneic Hematopoietic Stem Cell Transplantation or Not After CD19 CAR - T (S1904) Cell Therapy for r/r B-cell Acute Lymphoblastic Leukemia,RECRUITING,NA,130,1,2024-10-01,2027-08-31,Peking University People's Hospital,Academic/Medical Center,"Relapsed Adult ALL, B-cell Acute Lymphoblastic Leukemia, Refractory Acute Lymphoblastic Leukemia, Relapsed Pediatric ALL",Senl_B19 autologous CAR-T (S1904) treatment,China,12 Years,65 Years,ALL
NCT05334823,A Study of pCAR-19B in the Treatment of CD19-positive Relapsed/Refractory B-ALL in Children and Adolescents,RECRUITING,PHASE2,100,10,2022-01-26,2024-12-31,"Chongqing Precision Biotech Co., Ltd",Industry,"Acute Lymphoblastic Leukemia, Relapsed Pediatric ALL, Refractory Acute Lymphoblastic Leukemia",pCAR-19B cells,China,3 Years,21 Years,ALL
NCT06559189,CD19x22 Chimeric Antigen Receptor T-cell Therapy (CAR T) in Pediatric B-ALL,RECRUITING,PHASE1,53,1,2024-09-27,2028-12,"University of Colorado, Denver",Academic/Medical Center,B-cell Acute Lymphoblastic Leukemia,CD19x22 CAR T,United States,3 Months,30 Years,ALL
NCT06793241,Donor Derived CD19 CAR-T Cells in the Treatment of R/R B-cell Acute Lymphoblastic Leukemia,RECRUITING,EARLY_PHASE1,15,1,2025-01-31,2028-01-31,Zhejiang University,Academic/Medical Center,B-cell Acute Lymphoblastic Leukemia,CD19 B-cell Acute Lymphoblastic Leukemia Targeted CAR T-cells injection,China,18 Years,N/A,ALL
NCT04532268,A Study of Humanized CD19 CAR-T Cells Therapy for Patients With Relapsed and/or Refractory B-cell ALL and B-cell NHL,RECRUITING,EARLY_PHASE1,72,1,2020-08-23,2023-08-23,Zhejiang University,Academic/Medical Center,"Acute Lymphoblastic Leukemia, Non-hodgkin Lymphoma,B Cell",Humanized CD19 CAR-T cells,China,3 Years,75 Years,ALL
NCT06080191,Allogeneic Second-generation CD19-CAR T Cells for Pediatric Relapsed/Refractory B-ALL,RECRUITING,PHASE1,24,1,2024-04-28,2026-06-30,Bambino Gesù Hospital and Research Institute,Academic/Medical Center,B-cell Acute Lymphoblastic Leukemia,CD19-CAR_Lenti_ALLO,Italy,1 Year,35 Years,ALL
NCT07429461,Clinical Study of SYNCAR-100 in the Treatment of Relapsed/Refractory Acute B-Lymphoblastic Leukemia,RECRUITING,EARLY_PHASE1,16,1,2026-02-28,2027-12-31,Zhejiang University,Academic/Medical Center,B-Cell Acute Lymphoblastic Leukemia,SYNCAR-100 Injection,China,18 Years,75 Years,ALL
NCT06503094,CD19 & CD20 Bispecific CAR T Cells for Relapsed / Refractory B Cell Hematological Tumors,RECRUITING,"PHASE1, PHASE2",80,1,2024-01-14,2025-12-18,"Union Hospital, Tongji Medical College, Huazhong University of Science and Technology",Academic/Medical Center,B-Cell Lymphoblastic Leukemia/Lymphoma,CD19&CD20 bispecific CAR-T cells,China,14 Years,75 Years,ALL
NCT05366569,Bio-CAR-T BS Study,RECRUITING,N/A,45,1,2022-04-26,2025-12-31,Azienda Socio Sanitaria Territoriale degli Spedali Civili di Brescia,Academic/Medical Center,"Diffuse Large B Cell Lymphoma (DLBCL), Primary Mediastinal Large B-cell Lymphoma (PMBCL), Acute Lymphoblastic Leukemia (ALL)",,Italy,18 Years,70 Years,ALL
NCT05210907,Clinical Study of Hospital-manufactured CD19 CAR-T in Children and Adolescents With Acute Lymphoblastic Leukemia,RECRUITING,PHASE1,5,1,2022-02-15,2025-09-30,Seoul National University Hospital,Academic/Medical Center,B-cell Acute Lymphoblastic Leukemia,SNUH-CD19-CAR-T,South Korea,0 Years,25 Years,ALL
NCT05667506,A Study of CNCT19 Treatment in Children and Adolescent r/r ALL Patients(Pediatric),RECRUITING,"PHASE1, PHASE2",47,9,2023-02-07,2025-05-30,Juventas Cell Therapy Ltd.,Industry,B-cell Acute Lymphoblastic Leukemia,single dose of CNCT19,China,3 Years,18 Years,ALL
NCT06287528,A Study of 19-28z/IL-18 in People With Acute Lymphoblastic Leukemia (ALL),RECRUITING,PHASE1,18,7,2024-02-23,2028-02-23,Memorial Sloan Kettering Cancer Center,Academic/Medical Center,"Philadelphia-Negative ALL, Philadelphia-Positive ALL, Relapsed ALL, Adult, Refractory Acute Lymphoblastic Leukemia, Refractory Acute Lymphoblastic Leukemia (ALL), Refractory Acute Lymphoid Leukemia in Relapse",19-28z/IL-18 CAR T cells,United States,17 Years,N/A,ALL
NCT06659653,Safety and Efficacy of PRG-2302 for Refractory or Relapsed B-cell Acute Lymphoblastic Leukemia Disease.,RECRUITING,EARLY_PHASE1,18,1,2024-05-24,2027-03-31,Tan Jie,Academic/Medical Center,Acute Lymphoblastic Leukemia,PRG2302,China,18 Years,70 Years,ALL
NCT06635330,Safety and Efficacy of CAR T Cell Therapy in Patients with R/r B-ALL,RECRUITING,"PHASE1, PHASE2",5,1,2024-05-20,2026-09-22,Kara Yakhteh Tajhiz Azma Company,Industry,Relapse/Refractory B-cell Acute Lymphoblastic Leukemia,anti-CD19 CAR T cell therapy,Iran,2 Years,18 Years,ALL
NCT05480449,Autologous HuCART19 T Cells Manufactured Using the CliniMACS Prodigy Platform for Pediatric B-ALL (huCART19 Prodigy),RECRUITING,"PHASE1, PHASE2",89,1,2022-09-20,2027-09-20,Stephan Grupp MD PhD,Academic/Medical Center,"B Cell Acute Lymphoblastic Leukemia (B-ALL), B Lineage Lymphoblastic Lymphoma",Autologous Humanized CD19-Directed Chimeric Antigen Receptor T-Cells (huCART19),United States,0 Years,29 Years,ALL
NCT05281809,Local Manufacture of CAR T-Cell Products for the Treatment of B-Cell Lymphoma and B-Acute Lymphoblastic Leukemia,RECRUITING,PHASE2,30,1,2022-04-19,2037-08-05,John Lister,Academic/Medical Center,"B-Cell Lymphoma, B Acute Lymphoblastic Leukemia, Diffuse Large B Cell Lymphoma, Mantle Cell Lymphoma, Follicular Lymphoma, Marginal Zone Lymphoma, Lymphoplasmacytic Lymphoma, Chronic Lymphocytic Leukemia, Transformed Lymphoma",Chimeric Antigen Receptor (CAR) T-Cell Product (Autologous),United States,18 Years,79 Years,ALL
NCT05038696,ALaCART-B: Acute Leukemia and Chimeric Antigen Receptor-T Cell Therapy for B-lymphoblastic Leukemia.,RECRUITING,PHASE1,40,1,2021-04-28,2026-05-01,"National University Hospital, Singapore",Academic/Medical Center,"Lymphoblastic Leukemia, Acute, Childhood, Lymphoblastic Leukemia, Lymphoblastic Leukemia, Acute Adult, Lymphoblastic Leukemia in Children, CAR, CAR T-Cell-Related Encephalopathy Syndrome",CAR T-cell therapy,Singapore,6 Months,80 Years,ALL
NCT03765177,CLIC-1901 for the Treatment of Patients With Relapsed/Refractory CD19 Positive Hematologic Malignancies,RECRUITING,"PHASE1, PHASE2",60,3,2019-10-16,2027-01,Ottawa Hospital Research Institute,Academic/Medical Center,"Acute Lymphoblastic Leukemia, Non-Hodgkin's Lymphoma, Chronic Lymphocytic Leukemia",CLIC-1901,Canada,18 Years,75 Years,ALL
NCT03937544,Intravenous Autologous CD19 CAR-T Cells for R/R B-ALL,RECRUITING,"PHASE2, PHASE3",10,1,2019-03-19,2027-01-18,National University of Malaysia,Academic/Medical Center,"Relapsed B Acute Lymphoblastic Leukaemia, Refractory B Acute Lymphoblastic Leukaemia",CD19 CAR-T CELLS; Cyclophosphamide; Fludarabine,Malaysia,13 Years,65 Years,ALL
NCT04094311,Study of Out of Specification for Tisagenlecleucel,RECRUITING,PHASE3,200,53,2019-11-21,2027-03-31,Novartis Pharmaceuticals,Industry,"B-cell Acute Lymphoblastic Leukemia, Diffuse Large B-cell Lymphoma",CTL019,"Canada, Japan",0 Years,100 Years,ALL
NCT07072494,CD19 CAR-T Cell Infusion as Consolidation Therapy in Adolescent and Adult Patients With Acute B-ALL Ineligible for Allogeneic HSCT: A Clinical Study,RECRUITING,"PHASE1, PHASE2",30,2,2025-07-19,2027-03-19,Zhujiang Hospital,Academic/Medical Center,Acute Lymphoblastic Leukemia,CD19 CAR-T cells injection,China,14 Years,80 Years,ALL
NCT05054257,CART19 Cells Effects in Patients with Relapsed or Refractory Acute Lymphoblastic Leukemia and Non-Hodgkin's Lymphoma,RECRUITING,PHASE1,10,1,2021-06-02,2025-06-01,"Institute of Hematology and Blood Transfusion, Czech Republic",Academic/Medical Center,"Relapsed or Refractory B-cell Acute Lymphoblastic Leukemia, Non-Hodgkin's Lymphoma Refractory, Non-Hodgkin's Lymphoma, Relapsed",Autologous CAR19 T lymphocytes,Czechia,18 Years,80 Years,ALL
NCT05648019,CD19-Directed Chimeric Antigen Receptor (CAR) T-Cell Therapy for Relapsed/Refractory B-Lineage Leukaemia / Lymphoma - A Feasibility Protocol,RECRUITING,PHASE2,40,2,2022-03-15,2025-12,KK Women's and Children's Hospital,Academic/Medical Center,"Lymphoblastic Leukemia, Lymphoblastic Leukemia in Children, Lymphoblastic Leukemia, Acute Adult, B-cell Acute Lymphoblastic Leukemia, Large B-cell Lymphoma, CAR",Anti-CD19 CAR T-cells,Singapore,0 Years,70 Years,ALL
NCT05621291,A Study to Evaluate Next-Generation Sequencing (NGS) Testing and Monitoring of B-cell Recovery to Guide Management Following Chimeric Antigen Receptor T-cell (CART) Induced Remission in Children and Young Adults With B Lineage Acute Lymphoblastic Leu...,RECRUITING,NA,60,8,2026-03-11,2026-12-31,National Cancer Institute (NCI),Government,"B-All, Acute Lymphoblastic Leukemia",NGS testing,United States,1 Year,25 Years,ALL
NCT07048535,"CAR T-cell Long-Term Follow-Up, Quality of Life and Adverse Reactions",RECRUITING,N/A,80,1,2025-10-24,2028-07,St. Jude Children's Research Hospital,Academic/Medical Center,B-Cell Acute Lymphoblastic Leukemia (B-ALL),,United States,N/A,N/A,ALL
NCT01853631,"Activated T-Cells Expressing 2nd or 3rd Generation CD19-Specific CAR, Advanced B-Cell NHL, ALL, and CLL (SAGAN)",RECRUITING,PHASE1,64,2,2014-02,2026-12,Baylor College of Medicine,Academic/Medical Center,"Non-Hodgkin Lymphoma, Chronic Lymphocytic Leukemia, Acute Lymphocytic Leukemia",Dose Escalation Phase:CD19.CAR/28 and CD19.CAR/28137 T cells; Expansion Phase: CD19.CAR/28 and CD19.CAR/28137 T cells,United States,N/A,75 Years,ALL
NCT06735495,CD19 & CD22 Bispecific CAR T Cells in the Treatment of Relapsed/Refractory B Cell Hematologic Tumors,RECRUITING,"PHASE1, PHASE2",80,1,2024-11-04,2027-12-31,"Union Hospital, Tongji Medical College, Huazhong University of Science and Technology",Academic/Medical Center,B-Cell Lymphoblastic Leukemia/Lymphoma,CD19&CD22 bispecific CAR-T cells,China,3 Years,75 Years,ALL
NCT06880913,Nanobody-Based CD19/CD22 Tandem Dual CAR-T Therapy for R/R B-ALL,RECRUITING,"PHASE1, PHASE2",30,1,2024-11-14,2025-12-31,Peking University People's Hospital,Academic/Medical Center,Precursor B-Cell Lymphoblastic Leukemia-Lymphoma,Nanobody-Based CD19/CD22 Tandem Dual CAR-T,China,3 Years,65 Years,ALL
NCT04781634,a Clinical Research of CD19 and CD22 Targeted Prime CAR-T Cell in Relapsed/Refractory B-ALL,RECRUITING,"PHASE1, PHASE2",40,1,2021-03-07,2026-12-31,"Chongqing Precision Biotech Co., Ltd",Industry,B-ALL,CD19 and CD22 targeted prime CAR-T cells,China,2 Years,75 Years,ALL
NCT05535855,UCD19 CAR T Therapy in Adults With B-ALL and MRD Positivity in CR1,RECRUITING,PHASE1,29,1,2024-01-24,2027-06-30,"University of Colorado, Denver",Academic/Medical Center,"Acute Lymphoid Leukemia, Acute Lymphoblastic Leukemia",CD19 Directed CAR T Cell,United States,18 Years,N/A,ALL
